Name,Category,URL,Comment
Unknown,generic,http://103.112.62.79:8065/,
Unknown,generic,https://103.112.62.79:5443/,
Unknown,generic,http://103.150.254.245:3000,
WarpChat,chat,http://103.150.254.245:56969,This website does not have tls and E2EE and file is uploaded as soon as you select a file. There are no way to delete sent messages
Unknown,generic,http://103.112.62.79:5555/,
Unknown,generic,http://146.196.48.9/,
Unknown,generic,https://103.200.93.146/,
Unknown,generic,http://103.43.151.2:8099/,
Unknown,generic,https://103.200.93.146/games/,
Unknown,generic,http://146.196.48.10/,
Unknown,generic,http://103.9.185.82/,
Unknown,generic,http://103.76.47.6:8096/,
Unknown,generic,http://103.76.47.6:8080/,
Unknown,generic,http://103.92.154.118:8096/,
Unknown,generic,http://103.153.130.245/,
Unknown,generic,http://103.78.255.174/,
Unknown,generic,http://103.144.165.43:8096,
Unknown,generic,http://103.16.74.218/,
Unknown,generic,https://103.145.57.203/,
Unknown,generic,http://103.144.165.43:8096,
Unknown,generic,http://103.148.40.133/,
Unknown,generic,http://113.212.111.246:8080/hls//col12.m3u8,
Unknown,generic,http://59.153.100.190/,
Unknown,generic,http://103.112.62.79:89/,
Unknown,generic,http://103.200.93.146/web/index.html,
Unknown,generic,http://10.90.90.200/,
Unknown,generic,http://103.16.72.115/#latest,
Unknown,generic,http://146.196.48.10/,
Unknown,generic,http://103.82.8.194/Data/,
Unknown,generic,http://103.132.95.221:8096/web/index.html#!/home.html,
Unknown,generic,http://103.72.61.209/,
Unknown,generic,http://103.92.154.118:8096/web/index.html#!/home,
Unknown,generic,http://103.81.104.98/,
Unknown,generic,http://103.91.144.230/,
Unknown,generic,http://10.16.100.244/,
Unknown,generic,http://103.92.154.118:8096,
Unknown,generic,http://146.196.48.10/FILE--SERVER/FTP-1/,
Unknown,generic,http://103.112.62.79:5230/,
Unknown,generic,http://30.30.30.130,
Unknown,generic,http://103.58.73.8/,
Unknown,generic,http://10.1.1.1,
Unknown,generic,http://146.196.48.10/FILE--SERVER/FTP-2/,
Unknown,generic,http://113.212.111.246:8080/hls//col12.m3u8,
Unknown,generic,http://172.28.28.20,
Unknown,generic,http://103.102.27.172,
Unknown,generic,http://103.109.56.115/index.php,
Unknown,generic,http://103.109.56.117/index.php,
Unknown,generic,http://103.109.56.117/ftpdata,
Unknown,generic,http://146.196.48.10,
Unknown,generic,http://103.77.252.113,
Unknown,generic,http://103.77.252.113/ftpdata,
Unknown,generic,http://103.203.93.2,
Unknown,generic,http://103.148.178.230,
Unknown,generic,http://103.166.193.10/ftp,
Unknown,generic,http://172.17.50.240,
Unknown,generic,http://172.17.50.243,
Unknown,generic,http://ftp5.circleftp.net,
Unknown,generic,http://15.1.1.5,
Unknown,generic,http://192.168.91.8,
Unknown,generic,https://samftp.com,
Unknown,generic,http://discoveryftp.net,
Unknown,generic,http://movies.discoveryftp.net,
Unknown,generic,http://172.27.27.83,
Unknown,generic,http://172.27.27.84,
Unknown,generic,http://ftpbd.net,
Unknown,generic,http://103.58.73.9,
Unknown,generic,http://media.ftpbd.net,
Unknown,generic,http://server1.ftpbd.net,
Unknown,generic,http://server4.ftpbd.net,
Unknown,generic,http://10.16.100.244,
Unknown,generic,http://www.naturalbd.com,
Unknown,generic,http://new.naturalbd.com,
Unknown,generic,http://dhakamovie.com,
Unknown,generic,http://103.91.144.230,
Unknown,generic,http://ctgmovies.com,
Unknown,generic,http://crazyctg.com,
Unknown,generic,http://www.ctgflix.com,
Unknown,generic,http://media.ctgfun.com,
Unknown,generic,http://fs.evillagectg.com,
Unknown,generic,http://www.ctghall.com,
Unknown,generic,http://www.ctgstream.com,
Unknown,generic,https://www.ctghub.com,
Unknown,generic,http://www.cinehub24.com,
Unknown,generic,http://moviehaat.net,
Unknown,generic,http://fs.ebox.live,
Unknown,generic,http://103.49.168.107,
Unknown,generic,http://fileserver.ebox.live,
Unknown,generic,http://12.1.1.2,
Unknown,generic,http://12.1.1.3/flix,
Unknown,generic,http://pollyflix.com,
Unknown,generic,http://fs.amrbd.com,
Unknown,generic,http://fs2.amrbd.com,
Unknown,generic,http://103.102.253.250,
Unknown,generic,http://citycloudbd.com,
Unknown,generic,http://103.3.226.208,
Unknown,generic,http://www.bossbd.net,
Unknown,generic,http://bossbd.live,
Unknown,generic,http://cdn.bossbd.net,
Unknown,generic,http://cdn1.bossbd.net,
Unknown,generic,http://cdn2.bossbd.net,
Unknown,generic,http://mymoviebazar.net,
Unknown,generic,http://www.alphabroadway.com,
Unknown,generic,http://ftp.alphamediazone.com,
Unknown,generic,http://bdplex.net,
Unknown,generic,http://103.200.36.242,
Unknown,generic,http://www.timepassbd.live,
Unknown,generic,http://ftp.timepassbd.live,
Unknown,generic,http://www.freedownloadbd.com,
Unknown,generic,http://15.1.1.1,
Unknown,generic,http://circleftp.net,
Unknown,generic,http://ftp2.circleftp.net,
Unknown,generic,http://hd.circleftp.net,
Unknown,generic,https://www.mazedanetworks.net,
Unknown,generic,http://172.22.22.101,
Unknown,generic,http://ftpweb.mazedanetworks.net,
Unknown,generic,http://ihub.live,
Unknown,generic,http://www.nagordola.com.bd,
Unknown,generic,http://cinemabazar.net,
Unknown,generic,http://103.81.104.98,
Unknown,generic,http://cinemabazar.net/DATA/NAS1,
Unknown,generic,https://infolinkbd.com,
Unknown,generic,http://mybdplex.com,
Unknown,generic,http://103.103.239.66,
Unknown,generic,http://abcflixbd.com,
Unknown,generic,http://mathanosto.top,
Unknown,generic,http://asianftp.com,
Unknown,generic,https://mojaloss.net,
Unknown,generic,http://www.elaach.com,
Unknown,generic,http://dhakaftp.com,
Unknown,generic,http://103.76.196.90,
Unknown,generic,https://dnetdrive.com,
Unknown,generic,http://vdomela.com,
Unknown,generic,https://sunplex.net,
Unknown,generic,http://www.moviemela.live,
Unknown,generic,http://fz.moviemela.live:8096,
Unknown,generic,http://fs.moviemela.live:8096,
Unknown,generic,http://movieboxbd.com,
Unknown,generic,http://patalpuri.com,
Unknown,generic,https://www.netathomebd.com,
Unknown,generic,http://funtimebd.com,
Unknown,generic,http://funtime.com.bd,
Unknown,generic,http://103.109.56.114,
Unknown,generic,http://103.109.56.115,
Unknown,generic,https://www.rangdhanu.live,
Unknown,generic,http://fs.rangdhanu.live,
Unknown,generic,http://emby.rangdhanu.live,
Unknown,generic,http://www.showtimebd.com,
Unknown,generic,http://digbazi.net,
Unknown,generic,http://media.dfnbd.net,
Unknown,generic,http://www.dotinternetbd.com,
Unknown,generic,http://dflix.live,
Unknown,generic,http://fs1.dflix.live,
Unknown,generic,http://www.evonetbd.com,
Unknown,generic,https://dreamnetbd.com,
Unknown,generic,http://bddreamnet.blogspot.com,
Unknown,generic,http://www.bdlan.net,
Unknown,generic,http://103.102.27.170,
Unknown,generic,http://www.cinebioscope.com,
Unknown,generic,http://midiplex.net,
Unknown,generic,http://cdn.midiplex.net,
Unknown,generic,http://103.195.1.50,
Unknown,generic,http://www.tajpata.com,
Unknown,generic,http://file.tajpata.com,
Unknown,generic,http://bitflixbd.com,
Unknown,generic,http://khulnaflix.net,
Unknown,generic,http://file.khulnaflix.net,
Unknown,generic,http://www.swiftnetbd.com,
Unknown,generic,http://103.85.235.254,
Unknown,generic,https://www.anosbd.com,
Unknown,generic,https://www.anosbd.com/ftp,
Unknown,generic,http://www.bdspeed.com,
Unknown,generic,https://moviescounterhd.club,
Unknown,generic,http://www.netmatrixbd.com,
Unknown,generic,http://www.bolmovies.com,
Unknown,generic,http://videoelephantbd.com,
Unknown,generic,http://uturnbd.live,
Unknown,generic,http://172.16.16.3,
Unknown,generic,http://172.16.16.5,
Unknown,generic,http://172.16.16.6,
Unknown,generic,https://www.rainbownetworkbd.com,
Unknown,generic,http://cinemacity.live,
Unknown,generic,http://deshonlinebd.com,
Unknown,generic,https://asiannetworkbd.net,
Unknown,generic,http://ftp.com.bd,
Unknown,generic,https://www.yellownetbd.com,
Unknown,generic,https://www.yellownetbd.com/ftp,
Unknown,generic,http://www.furiousnet.net,
Unknown,generic,http://media.furiousnet.net,
Unknown,generic,https://www.tetrasoftbd.com,
Unknown,generic,http://tetraplex.net.bd,
Unknown,generic,https://www.sknetcity.com,
Unknown,generic,https://fastplex.net,
Unknown,generic,https://www.iflix.com,
Unknown,generic,http://leadtechnologybd.com,
Unknown,generic,http://quickonlineftp.com,
Unknown,generic,https://slnisp.com.bd,
Unknown,generic,https://www.skynetbd.net,
Unknown,generic,http://sbnetworkbd.com,
Unknown,generic,https://www.powernetbd.com,
Unknown,generic,https://easyitbd.com,
Unknown,generic,http://103.112.63.21,
Unknown,generic,http://103.70.140.14,
Unknown,generic,https://sparklinkbd.com,
Unknown,generic,http://www.fnetctg.com/index.php/bdix-list,
Unknown,generic,http://flashnetbd.com,
Unknown,generic,https://sparknetbd.com,
Unknown,generic,http://www.focusonlinectg.com,
Unknown,generic,http://www.fnfonlinebd.com,
Unknown,generic,http://103.82.8.194,
Unknown,generic,http://movies.fnfonlinebd.com,
Unknown,generic,http://www.winneritbd.com,
Unknown,generic,https://ssonlinebd.com,
Unknown,generic,https://alifanet.com,
Unknown,generic,http://serverbd247.com,
Unknown,generic,http://globalcommunicationbd.com,
Unknown,generic,https://msmonlinebd.com,
Unknown,generic,http://www.dhakadownload.com,
Unknown,generic,http://dhakaiptv.com,
Unknown,generic,https://btekbd.com,
Unknown,generic,https://netcomisp.net,
Unknown,generic,http://www.flashnetbd.com,
Unknown,generic,http://203.83.177.225,
Unknown,generic,http://imonlineisp.net,
Unknown,generic,http://www.arafnetbd.com,
Unknown,generic,http://www.univisionbd.net,
Unknown,generic,https://www.skybizbd.net,
Unknown,generic,https://www.applenetbd.com,
Unknown,generic,https://supernetbd.com,
Unknown,generic,http://supernetsenbag.com,
Unknown,generic,http://www.movieserver.net,
Unknown,generic,https://skynetonlinebd.net,
Unknown,generic,http://www.roarzone.info,
Unknown,generic,http://roarmediazone.com,
Unknown,generic,https://rapidnetbd.com,
Unknown,generic,https://rapidnetbd.com/FTP.html,
Unknown,generic,https://mlwbd.pw,
Unknown,generic,https://bonsaihd.live,
Unknown,generic,https://basnetbd.com,
Unknown,generic,http://movie.basnetbd.com,
Unknown,generic,http://103.126.12.226/allmovies.php?page=1&entries=64&sort=DESC&w=grid,
Unknown,generic,http://162.12.215.254,
Unknown,generic,http://gpisp.net,
Unknown,generic,http://www.onnosomoy.com:8096/web/index.html#!/startup/login.html?serverId=89ea8d6de5814c3b93294ebba34da8bd,
Unknown,generic,http://mtbsl.com,
Unknown,generic,http://bdix.mtbsl.com/server.php,
Unknown,generic,http://exploreonlinebd.net,
Unknown,generic,http://103.222.20.150,
Unknown,generic,http://103.85.160.7,
Unknown,generic,http://netcode.live/netcodemedia,
Unknown,generic,http://202.94.164.102,
Unknown,generic,http://unique24.net,
Unknown,generic,http://media.unique24.net,
Unknown,generic,https://rioctg.blogspot.com,
Unknown,generic,http://3netbd.com,
Unknown,generic,https://epnetbd.com,
Unknown,generic,http://www.focusonlinectg.com,
Unknown,generic,http://focusflix.com/ftp,
Unknown,generic,http://103.214.200.94,
Unknown,generic,http://data.kenecolor.com,
Unknown,generic,http://spidercommunicationbd.com,
Unknown,generic,http://bdix.hitechisp.com,
Unknown,generic,https://www.cybernetbd.com,
Unknown,generic,http://www.tnetftp.com,
Unknown,generic,http://greetingsonlinebd.com,
Unknown,generic,http://103.133.175.242/80,
Unknown,generic,http://mybdix.com,
Unknown,generic,https://ddnbd.com,
Unknown,generic,http://www.plus.net.bd,
Unknown,generic,http://inoxbd.com,
Unknown,generic,http://mars.bolbd.net,
Unknown,generic,https://activembd.com,
Unknown,generic,https://activembd.com/internet/ftp-server,
Unknown,generic,https://srnetworks.webs.com,
Unknown,generic,https://srnetworks.webs.com/ftp-live-tv,
Unknown,generic,https://mahirbd.com,
Unknown,generic,https://mahirbd.com/media.php,
Unknown,generic,http://103.29.127.14,
Unknown,generic,http://media.zerointernet.net,
Unknown,generic,http://103.96.36.115,
Unknown,generic,http://www.freedomonlinebd.com,
Unknown,generic,https://realstation.live,
Unknown,generic,https://digitalbroadband.com.bd,
Unknown,generic,http://www.agcommunication.net,
Unknown,generic,https://f4internetsolution.com,
Unknown,generic,http://172.2.2.2:80,
Unknown,generic,http://f4cineplex.myftp.org,
Unknown,generic,https://speednetkhulna.com,
Unknown,generic,http://speed4you.net,
Unknown,generic,https://ismart.net.bd,
Unknown,generic,http://www.candybd.net,
Unknown,generic,https://cnetworkbd.net,
Unknown,generic,http://www.candybd.net,
Unknown,generic,http://www.linkinnet.net,
Unknown,generic,https://internetzonebd.com,
Unknown,generic,https://ibdplex.net,
Unknown,generic,https://yesnetcommunication.com,
Unknown,generic,https://mytlinkbd.net,
Unknown,generic,http://www.mycybernest.com,
Unknown,generic,https://103.91.53.248,
Unknown,generic,http://www.bograonlinebd.com,
Unknown,generic,http://www.beeflix.biz,
Unknown,generic,https://sites.google.com/view/amberitservers,
Unknown,generic,https://rlcafenet.com,
Unknown,generic,https://www.netinfobd.com,
Unknown,generic,https://btekbd.com,
Unknown,generic,http://osthir.net,
Unknown,generic,http://www.a1cyberlinkbd.com,
Unknown,generic,http://www.mariumnetwork.com,
Unknown,generic,http://103.115.82.254,
Unknown,generic,http://medialink24.net,
Unknown,generic,http://timenai.com,
Unknown,generic,https://www.bmnetworkbd.tk,
Unknown,generic,http://www.smartnetltd.com,
Unknown,generic,http://movie.smartnetltd.com,
Unknown,generic,http://arishabd.net,
Unknown,generic,https://abibd.com,
Unknown,generic,https://www.lizaonlinebd.com,
Unknown,generic,http://10.10.10.10,
Unknown,generic,https://rsnetbd.com,
Unknown,generic,https://cueclub.com.bd,
Unknown,generic,https://www.worldbd.net,
Unknown,generic,http://portal.worldbd.net,
Unknown,generic,http://172.102.0.3,
Unknown,generic,http://103.251.247.147,
Unknown,generic,https://speedo.net.bd,
Unknown,generic,https://iboxbd.club,
Unknown,generic,http://103.135.208.2,
Unknown,generic,http://iboxbd.online,
Unknown,generic,http://172.20.0.19,
Unknown,generic,http://172.20.0.20,
Unknown,generic,http://diginetbd.net,
Unknown,generic,http://mcplexbangla.com,
Unknown,generic,http://ctgoz.com,
Unknown,generic,http://172.30.2.14,
Unknown,generic,http://www.adharalo.com,
Unknown,generic,http://ghatailonline.net,
Unknown,generic,https://snsbd.net,
Unknown,generic,https://bondhuitbd.com,
Unknown,generic,http://smiledotnet.xyz,
Unknown,generic,https://www.gnetworkbd.com,
Unknown,generic,http://www.rdconlinebd.net,
Unknown,generic,https://presslinkbd.net,
Unknown,generic,https://webrangers.net,
Unknown,generic,https://taltola.net,
Unknown,generic,http://146.196.48.9,
Unknown,generic,http://146.196.48.10,
Unknown,generic,https://crazynetbd.com,
Unknown,generic,http://www.ectlink.com,
Unknown,generic,http://download.ectlink.com,
Unknown,generic,https://ifra.network,
Unknown,generic,http://103.110.126.146:8000,
Unknown,generic,http://todayvisionbd.com,
Unknown,generic,https://www.smiritycable.com,
Unknown,generic,https://sardernet.com,
Unknown,generic,http://smartonlinebd.com,
Unknown,generic,https://ctgoz.com,
Unknown,generic,http://www.avabdnet.com,
Unknown,generic,http://fs1.mebd.net,
Unknown,generic,http://jhakkas.live,
Unknown,generic,http://bmitbd.com,
Unknown,generic,http://www.friendsonlinebd.com,
Unknown,generic,http://www.bhuiyan-online.com,
Unknown,generic,http://rahulenterprise.net,
Unknown,generic,https://fastnetbd.org,
Unknown,generic,http://192.168.100.5/fastnet,
Unknown,generic,http://cloudone.com.bd,
Unknown,generic,http://www.c1movies.com,
Unknown,generic,http://bdmovies.net,
Unknown,generic,http://zoomonline.com.bd,
Unknown,generic,http://mirpurnetbd.com,
Unknown,generic,https://the-potato.net,
Unknown,generic,http://www.uniqueonlinebd.com,
Unknown,generic,http://www.jannatmirinternetservice.com,
Unknown,generic,https://www.bd7hub.net,
Unknown,generic,https://www.gnetinternet.com,
Unknown,generic,https://ftp1.bdix.com.bd,
Unknown,generic,https://ftp2.bdix.com.bd,
Unknown,generic,https://ftp3.bdix.com.bd,
Unknown,generic,https://ftp4.bdix.com.bd,
Unknown,generic,https://ftp5.bdix.com.bd,
Unknown,generic,https://media.bdix.com.bd,
Unknown,generic,https://movie.bdix.com.bd,
Unknown,generic,https://bdix.com.bd/mainweb/list.html,
Unknown,generic,https://kbnonlinebd.net,
Unknown,generic,http://filmguro.site,
Unknown,generic,http://citynetbd.com,
Unknown,generic,https://www.citynet.live,
Unknown,generic,https://itnetzone.com,
Unknown,generic,https://www.runwaybroadband.com/media-server,
Unknown,generic,https://www.flynetbd.com,
Unknown,generic,https://applelinkbd.net,
Unknown,generic,https://quetelbd.net,
Unknown,generic,http://www.as-bd.net,
Unknown,generic,https://www.fastcyber.net,
Unknown,generic,https://www.vibebd.com,
Unknown,generic,http://www.mixonbd.com,
Unknown,generic,https://ditbd.net,
Unknown,generic,http://172.27.100.3,
Unknown,generic,https://www.hkonline.com.bd,
Unknown,generic,http://www.chillbd.net,
Unknown,generic,http://www.intrepidbd.com,
Unknown,generic,http://192.168.100.16,
Unknown,generic,http://192.168.100.16:8096,
Unknown,generic,https://www.businesszone.com.bd,
Unknown,generic,http://www.zipnetbd.com,
Unknown,generic,https://www.novusnetworkbd.com,
Unknown,generic,http://www.megaplexbd.com,
Unknown,generic,https://touchonline.net.bd,
Unknown,generic,https://zoomonlinebd.net,
Unknown,generic,https://addanetwork.net,
Unknown,generic,http://karsannet.com,
Unknown,generic,http://103.219.232.190,
Unknown,generic,http://www.ctgtel.net,
Unknown,generic,https://yesnetcommunication.com,
Unknown,generic,http://www.enjoy.net.bd,
Unknown,generic,http://103.115.82.254,
Unknown,generic,https://jonycable.com,
Unknown,generic,https://www.dreamonlinebd.com,
Unknown,generic,http://megaflix.tv,
Unknown,generic,https://www.alibabanetwork.net,
Unknown,generic,http://www.yournetcommunications.net,
Unknown,generic,http://swapnonetwork.net,
Unknown,generic,http://neefit.net,
Unknown,generic,https://ibds.net.bd,
Unknown,generic,http://chayachobi.net,
Unknown,generic,http://172.16.16.16,
Unknown,generic,https://onsbd.net,
Unknown,generic,http://www.netonlinebd.com,
Unknown,generic,https://kmnbd.net,
Unknown,generic,http://kawsarit.com,
Unknown,generic,http://movies.kloud.com.bd,
Unknown,generic,http://10.100.100.2,
Unknown,generic,http://kaat.pw,
Unknown,generic,http://lalbatte.net,
Unknown,generic,https://www.flixjar.com,
Unknown,generic,https://bdflixlive.com,
Unknown,generic,http://tokis.xyz,
Unknown,generic,https://salamonline.com.bd,
Unknown,generic,https://www.dolyitcorner.net,
Unknown,generic,http://akkadukka.com,
Unknown,generic,http://103.203.94.1:8065,
Unknown,generic,http://103.86.200.7,
Unknown,generic,http://103.85.197.10,
Unknown,generic,http://103.56.6.6/Data,
Unknown,generic,http://10.1.1.1,
Unknown,generic,http://172.22.22.100,
Unknown,generic,http://10.10.10.10:8080,
Unknown,generic,http://160.202.146.220,
Unknown,generic,http://circleftp.net/,
Unknown,generic,http://fs.ebox.live/,
Unknown,generic,http://cdn1.bossbd.net/,
Unknown,generic,https://www.netathomebd.com/,
Unknown,generic,https://samftp.com/,
Unknown,generic,https://mangogamers.com/,
Unknown,generic,http://ftpbd.net/,
Unknown,generic,http://alphamediazone.com/moviedom/allmovies.php?page=1&entries=64&sort=DESC&w=grid,
Unknown,generic,http://162.12.215.254/,
Unknown,generic,https://bongobd.com/,
Unknown,generic,http://crazyctg.com/,
Unknown,generic,http://mybdplex.com/,
Unknown,generic,http://roarmediazone.com/all-movies.html,
Unknown,generic,http://showtimebd.com/ ,
Unknown,generic,http://elaach.com ,
Unknown,generic,http://naturalbd.com/ ,
Unknown,generic,http://tv.tajpata.com/ ,
Unknown,generic,http://vdomela.com/ ,
Unknown,generic,http://103.119.100.54/ ,
Unknown,generic,http://www.anthousebd.net ,
Unknown,generic,http://www.dhakaftp.com ,
Unknown,generic,http://www.ftpbd.com ,
Unknown,generic,http://media.netmatrixbd.com/ ,
Unknown,generic,http://quickonlineftp.com/ ,
Unknown,generic,http://funtimebd.com/ ,
Unknown,generic,http://dhakamovie.com/ ,
Unknown,generic,http://103.204.244.70/ ,
Unknown,generic,https://kissanime.ru/ ,
Unknown,generic,http://www.funtimebd.com ,
Unknown,generic,http://www.khulnaplex.net ,
Unknown,generic,http://www.mojarftp.com/ ,
Unknown,generic,http://movieboxbd.com ,
Unknown,generic,http://www.bdlan.net ,
Unknown,generic,http://www.ctghall.com ,
Unknown,generic,http://media.dfnbd.net/ ,
Unknown,generic,http://103.70.140.14/ ,
Unknown,generic,http://45.120.114.222/ ,
Unknown,generic,http://live.moviebazar.net/ ,
Unknown,generic,http://starflixbd.com/ ,
Unknown,generic,http://projapoti.live/ ,
Unknown,generic,https://www.rangdhanu.live/ ,
Unknown,generic,https://radio.net.bd/ ,
Unknown,generic,https://hdtv.rangdhanu.live/ ,
Unknown,generic,http://ihub.live/ ,
Unknown,generic,http://103.195.1.50/allmovies.php?page=1&entries=64&sort=DESC&w=grid ,
Unknown,generic,http://pandaclubbd.com/ ,
Unknown,generic,https://sparknetbd.com/ ,
Unknown,generic,http://www.evonetbd.com/ ,
Unknown,generic,http://202.83.124.242:32400/web/index.html# ,
Unknown,generic,http://ado.dfnbd.net/index?a=explore ,
Unknown,generic,http://43.250.83.11/,
Unknown,tv,http://www.ctgtv.live,
Unknown,tv,http://ddn.oncast.me,
Unknown,tv,http://172.20.1.1,
Unknown,tv,http://bdixtv.live,
Unknown,tv,http://103.136.200.246,
Unknown,tv,http://amrbd.com,
Unknown,tv,http://tv.ebox.live,
Unknown,tv,http://tv2.ebox.live,
Unknown,tv,http://smartbox.digital,
Unknown,tv,http://c1live.com,
Unknown,tv,http://otv.ftpbd.net,
Unknown,tv,http://30.30.30.30,
Unknown,tv,http://bokasoka.net:8080,
Unknown,tv,http://172.27.27.27:8080,
Unknown,tv,http://tv.khulnaflix.net,
Unknown,tv,http://bdiptv.stream,
Unknown,tv,http://172.27.27.3,
Unknown,tv,http://plusbox.tv,
Unknown,tv,http://15.1.1.10,
Unknown,tv,http://bdiptv.net,
Unknown,tv,http://bciptv.net,
Unknown,tv,http://dugdugilive.com,
Unknown,tv,http://tv.rangdhanu.live,
Unknown,tv,http://plus.tv.rangdhanu.live,
Unknown,tv,https://hdtv.rangdhanu.live,
Unknown,tv,http://tv.roarzone.info,
Unknown,tv,http://tv.iboxbd.online,
Unknown,tv,http://tv.nagordola.live,
Unknown,tv,http://59.153.100.77,
Unknown,tv,http://tv.dflix.live,
Unknown,tv,http://tv.linktech.net.bd,
Unknown,tv,http://tv.tetrasoftbd.com,
Unknown,tv,http://10.16.100.244/livetv.php,
Unknown,tv,http://live.ctgoz.com,
Unknown,tv,http://projapoti.live,
Unknown,tv,http://103.214.156.2,
Unknown,tv,http://tv.satrong.live,
Unknown,tv,http://tv.aliflailabd.com,
Unknown,tv,http://172.16.50.22,
Unknown,tv,http://172.16.50.2,
Unknown,tv,http://103.102.27.172,
Unknown,tv,https://tv.nbox.live,
Unknown,tv,http://113.212.111.246,
Unknown,tv,http://live.moviebazar.net,
Unknown,tv,http://103.113.224.68,
Unknown,tv,http://tv.anosbd.com,
Unknown,tv,http://tv.flashnetbd.net,
Unknown,tv,http://iptv.itcnbd.com,
Unknown,tv,http://tv.medialink24.net,
Unknown,tv,http://iptv.mcnbd.com,
Unknown,tv,http://172.50.50.8,
Unknown,tv,http://172.27.27.85,
Unknown,tv,https://iptv.ksnetworkbd.com,
Unknown,tv,http://tv.fn-bd.com,
Unknown,tv,http://aklivetv.com,
Unknown,tv,http://live.bdlan.net,
Unknown,tv,http://tv.sparklinkbd.com,
Unknown,tv,http://tv.mtbsl.com,
Unknown,tv,http://livetv.mirpur.online,
Unknown,tv,http://bdtv.live,
Unknown,tv,http://103.150.6.2,
Unknown,tv,http://khulnatv.live,
Unknown,tv,http://khulna.bid,
Unknown,tv,https://livebdix.com,
Unknown,tv,https://tv.livebdix.com,
Unknown,tv,https://iptv.race.net.bd,
Unknown,tv,https://iptv.jadoodigital.com,
Unknown,tv,http://khulnaplex.net/tv,
Unknown,tv,http://tv.ayanmedia.net,
Unknown,tv,http://www.amaze-tv.com,
Unknown,tv,http://175.41.46.16,
Unknown,tv,http://103.84.253.5,
Unknown,tv,http://103.77.188.2,
Unknown,tv,http://11.11.11.11,
Unknown,tv,http://103.138.183.6,
Unknown,tv,http://103.85.196.10,
Unknown,tv,http://172.16.29.28,
Unknown,tv,http://172.17.50.112,
Unknown,tv,http://10.233.233.12,
Unknown,tv,https://www.bioscopelive.com,
Unknown,tv,http://www.jagobd.com,
Unknown,tv,https://beta.jagobd.com,
Unknown,tv,https://bongobd.com,
Unknown,tv,http://tv.bdixsports.com,
Unknown,tv,http://livetv.com.bd,
Unknown,tv,http://durbinlive.com,
Unknown,tv,https://hotflix.stream,
Unknown,tv,http://globalbanglatv.com,
Unknown,tv,https://www.webtvbd.com,
Unknown,tv,https://crichd.tv,
Unknown,generic,http://www.bnet-bd.com,
Unknown,generic,https://www.facebook.com/bnetbd,
Unknown,generic,https://www.facebook.com/bnetnj,
Unknown,generic,https://www.facebook.com/groups/612490872142952,
Unknown,generic,https://www.facebook.com/ftpbd.net,
Unknown,generic,https://www.facebook.com/groups/ftpbd.net,
Unknown,generic,http://ftpbd.net,
Unknown,generic,http://103.58.73.6,
Unknown,generic,http://103.58.73.7,
Unknown,generic,http://103.58.73.8,
Unknown,generic,http://103.58.73.9,
Unknown,generic,http://103.58.73.10,
Unknown,generic,http://103.58.73.10:8096,
Unknown,generic,http://server1.ftpbd.net,
Unknown,generic,http://server1.ftpbd.net/FTP-1,
Unknown,generic,http://server2.ftpbd.net,
Unknown,generic,http://server2.ftpbd.net/FTP-2,
Unknown,generic,http://server3.ftpbd.net,
Unknown,generic,http://server3.ftpbd.net/FTP-3,
Unknown,generic,http://server4.ftpbd.net,
Unknown,generic,http://server4.ftpbd.net/FTP-4,
Unknown,generic,http://server5.ftpbd.net,
Unknown,generic,http://server5.ftpbd.net/FTP-5,
Unknown,generic,http://media.ftpbd.net:8096,
Unknown,generic,https://circlenetworkbd.net,
Unknown,generic,https://www.facebook.com/Circlenetworkbd,
Unknown,generic,https://www.facebook.com/groups/circleftp,
Unknown,generic,https://www.facebook.com/groups/circlenetworkbd.net,
Unknown,generic,http://103.170.204.84,
Unknown,generic,http://new.circleftp.net,
Unknown,generic,http://circleftp.net,
Unknown,generic,http://15.1.1.4,
Unknown,generic,http://ftp4.circleftp.net,
Unknown,generic,http://15.1.1.5,
Unknown,generic,http://old.circleftp.net,
Unknown,generic,http://emby.circleftp.net:8096,
Unknown,generic,https://sambd.com,
Unknown,generic,https://www.facebook.com/samonlinedhaka,
Unknown,generic,https://www.facebook.com/groups/samftp,
Unknown,generic,https://www.facebook.com/groups/samonlineftp,
Unknown,generic,https://www.facebook.com/groups/samonlinebd,
Unknown,generic,https://www.facebook.com/groups/samgamingzone,
Unknown,generic,http://172.16.50.4,
Unknown,generic,http://172.16.50.7,
Unknown,generic,http://movie.sambd.net:8096,
Unknown,generic,https://samftp.com,
Unknown,generic,https://www.cogentbroadband.net,
Unknown,generic,https://www.facebook.com/cogentbroadband,
Unknown,generic,https://www.facebook.com/groups/602803648229309,
Unknown,generic,https://www.facebook.com/groups/451720149173071,
Unknown,generic,http://khulnaflix.net,
Unknown,generic,http://103.153.175.254/NAS1,
Unknown,generic,http://bokasoka.net,
Unknown,generic,http://bokasoka.net/NAS1,
Unknown,generic,http://file.khulnaflix.net,
Unknown,generic,https://www.discoverynetbd.com,
Unknown,generic,https://www.facebook.com/discoveryinternet,
Unknown,generic,https://www.facebook.com/groups/discoveryftp,
Unknown,generic,http://103.120.165.196,
Unknown,generic,http://discoveryftp.net,
Unknown,generic,http://dflix.discoveryftp.net,
Unknown,generic,http://cds1.discoveryftp.net,
Unknown,generic,http://cds2.discoveryftp.net,
Unknown,generic,http://cds3.discoveryftp.net,
Unknown,generic,http://www.onesky.com.bd,
Unknown,generic,https://www.1netbd.com,
Unknown,generic,https://www.facebook.com/OneSky.ISP,
Unknown,generic,https://www.facebook.com/OneNet.ISP,
Unknown,generic,https://www.facebook.com/groups/1945093309082243,
Unknown,generic,http://10.100.100.10,
Unknown,generic,http://103.77.252.113,
Unknown,generic,http://www.showtimebd.com,
Unknown,generic,http://10.100.100.12,
Unknown,generic,http://10.100.100.13,
Unknown,generic,https://ddnbd.com,
Unknown,generic,https://www.facebook.com/Digitaldotnet,
Unknown,generic,https://www.facebook.com/groups/ddnusercommunity,
Unknown,generic,https://www.facebook.com/groups/205079406799965,
Unknown,generic,http://www.ddnbd.fun,
Unknown,generic,http://ctgmovies.com,
Unknown,generic,http://crazyctg.com,
Unknown,generic,http://media.ctgfun.com,
Unknown,generic,http://www.exordonline.com,
Unknown,generic,https://www.facebook.com/exord.isp,
Unknown,generic,https://www.facebook.com/groups/exord.isp,
Unknown,generic,https://www.facebook.com/ebox.live,
Unknown,generic,https://www.facebook.com/groups/ebox.live,
Unknown,generic,http://fs.ebox.live,
Unknown,generic,http://103.49.168.107,
Unknown,generic,http://fileserver.ebox.live,
Unknown,generic,http://play.ebox.live,
Unknown,generic,https://icc.com.bd,
Unknown,generic,https://iccfios.net,
Unknown,generic,https://icctalk.com,
Unknown,generic,https://www.facebook.com/iccbroadband,
Unknown,generic,https://www.facebook.com/iccfios,
Unknown,generic,https://www.facebook.com/icctalk,
Unknown,generic,https://www.facebook.com/groups/472258390769581,
Unknown,generic,http://10.16.100.244,
Unknown,generic,http://10.16.100.202/ftps10,
Unknown,generic,http://10.16.100.206/ftps3,
Unknown,generic,https://pastebin.com/VpXpmMjQ,
Unknown,generic,https://www.antbd.com,
Unknown,generic,http://www.antbd.net,
Unknown,generic,https://www.facebook.com/AntarangaDotCom,
Unknown,generic,https://www.facebook.com/groups/antbd12,
Unknown,generic,https://www.facebook.com/groups/dhakamovie,
Unknown,generic,http://103.237.37.181,
Unknown,generic,http://dhakamovie.com,
Unknown,generic,http://xpress.ltd,
Unknown,generic,https://www.facebook.com/xpress.ltd,
Unknown,generic,https://www.facebook.com/groups/xpress.ltd,
Unknown,generic,http://103.43.148.68,
Unknown,generic,http://www.naturalbd.com,
Unknown,generic,http://skyviewonlineltd.com,
Unknown,generic,https://www.facebook.com/skyviewonlineltd,
Unknown,generic,https://www.facebook.com/groups/skyview.family,
Unknown,generic,https://www.facebook.com/groups/663083164394367,
Unknown,generic,http://103.200.36.250,
Unknown,generic,http://www.timepassbd.live,
Unknown,generic,http://ftp.timepassbd.live,
Unknown,generic,https://www.citycomnetwork.com.bd,
Unknown,generic,https://www.facebook.com/CitycomNetwork,
Unknown,generic,https://www.facebook.com/citycloudbd,
Unknown,generic,http://11.11.11.11,
Unknown,generic,http://103.204.244.70,
Unknown,generic,http://103.204.244.70/Data/Data,
Unknown,generic,https://carnival.com.bd,
Unknown,generic,https://www.facebook.com/carnival.internet,
Unknown,generic,https://www.facebook.com/groups/2497573610476975,
Unknown,generic,http://103.106.238.74:80/Data,
Unknown,generic,http://103.106.238.74:80/Data4,
Unknown,generic,http://www.nagordola.com.bd,
Unknown,generic,http://www.triangle.com.bd,
Unknown,generic,http://www.elaach.com,
Unknown,generic,https://uniquenetbd.com,
Unknown,generic,https://www.facebook.com/UniqueNetbd,
Unknown,generic,http://103.91.144.230,
Unknown,generic,http://103.91.144.230/ftpdata,
Unknown,generic,http://www.uniquedownloadbd.com,
Unknown,generic,https://sunonlinebd.com,
Unknown,generic,https://www.facebook.com/sun-online-185087104914225,
Unknown,generic,http://103.85.235.254,
Unknown,generic,http://103.85.235.254/storage,
Unknown,generic,https://www.mojaloss.stream,
Unknown,generic,http://www.fnfonlinebd.com,
Unknown,generic,https://www.facebook.com/FNF-Online-Internet-Service-Provider-1856553841312468,
Unknown,generic,https://www.facebook.com/groups/fnf.online,
Unknown,generic,https://fnfonline.wixsite.com/fnfonline,
Unknown,generic,http://103.82.8.194,
Unknown,generic,http://103.82.8.194/Data,
Unknown,generic,http://movies.fnfonlinebd.com,
Unknown,generic,https://deshnetbd.com,
Unknown,generic,https://www.facebook.com/DeshNet.Bangladesh,
Unknown,generic,http://103.152.18.18,
Unknown,generic,http://103.152.18.18/Data,
Unknown,generic,https://inspirebroadband.net,
Unknown,generic,https://www.facebook.com/inspirebroadband,
Unknown,generic,https://www.facebook.com/groups/inspirebroadband,
Unknown,generic,http://ihub.live,
Unknown,generic,http://sg-cdn.ihub.live:8787/download/games,
Unknown,generic,http://www.colbd.com,
Unknown,generic,https://fiber.colbd.com,
Unknown,generic,http://www.smartflix.digital,
Unknown,generic,http://www.smartstudio.digital,
Unknown,generic,http://metromedia.digital,
Unknown,generic,http://cloudone.com.bd,
Unknown,generic,http://www.c1movies.com,
Unknown,generic,http://bdmovies.net,
Unknown,generic,https://linktech.net.bd,
Unknown,generic,http://play.linkftp.com,
Unknown,generic,http://cdn.linkftp.com,
Unknown,generic,http://103.14.129.246,
Unknown,generic,http://tajpata.com,
Unknown,generic,http://103.14.129.246/data,
Unknown,generic,http://file.tajpata.com,
Unknown,generic,https://ksnetworkbd.com,
Unknown,generic,https://www.facebook.com/KsNetworkLtd,
Unknown,generic,https://www.facebook.com/groups/ksinterne,
Unknown,generic,http://172.27.27.83,
Unknown,generic,http://172.27.27.84,
Unknown,generic,http://172.27.27.26//2TB4,
Unknown,generic,http://172.27.27.124/s1d1,
Unknown,generic,http://172.27.27.244/2TB1,
Unknown,generic,http://172.27.27.245/2TB1,
Unknown,generic,http://172.27.27.248/2TB1,
Unknown,generic,http://172.27.27.250/2TB1,
Unknown,generic,http://172.27.27.251/2TB2,
Unknown,generic,http://172.27.27.252/2TB2,
Unknown,generic,https://www.mazedanetworks.net,
Unknown,generic,https://www.facebook.com/mazedanetltd,
Unknown,generic,http://172.22.22.100,
Unknown,generic,http://172.22.22.101,
Unknown,generic,http://ftpweb.mazedanetworks.net,
Unknown,generic,http://172.22.22.105:8096,
Unknown,generic,https://visiontechnologiesltd.com,
Unknown,generic,https://www.facebook.com/visiontechnologiesltd,
Unknown,generic,https://www.facebook.com/groups/visiontechnologieslimited,
Unknown,generic,https://sunplex.net,
Unknown,generic,https://storage.sunplex.net,
Unknown,generic,http://fn-bd.com,
Unknown,generic,http://www.moviemela.live,
Unknown,generic,http://amarnetsystem.com,
Unknown,generic,http://103.205.233.70,
Unknown,generic,http://103.205.233.70/Data,
Unknown,generic,http://dhakaftp.com,
Unknown,generic,http://dhakaftp.com/Data,
Unknown,generic,http://172.17.172.242,
Unknown,generic,http://www.freedownloadbd.com,
Unknown,generic,https://www.dfnbd.net,
Unknown,generic,http://media.dfnbd.net,
Unknown,generic,http://mcbroadbandbd.com,
Unknown,generic,http://172.17.254.2,
Unknown,generic,https://planet3communication.com,
Unknown,generic,http://www.candybd.net,
Unknown,generic,http://candybd.net/upload/source/movies,
Unknown,generic,https://www.mcnbd.com,
Unknown,generic,https://www.facebook.com/millenniumbd.mcn,
Unknown,generic,https://www.facebook.com/groups/millenniumnetwork,
Unknown,generic,http://ftp.mcnbd.com,
Unknown,generic,http://fun.mcnbd.com,
Unknown,generic,https://sites.google.com/view/mcnbdix,
Unknown,generic,http://12.1.1.2,
Unknown,generic,http://12.1.1.3/flix,
Unknown,generic,http://pollyflix.com,
Unknown,generic,http://fs.amrbd.com,
Unknown,generic,http://fs2.amrbd.com,
Unknown,generic,http://come2speed.com,
Unknown,generic,http://103.199.155.150,
Unknown,generic,http://103.199.155.150/ftpdata,
Unknown,generic,http://timenai.com,
Unknown,generic,https://dnetbd.com,
Unknown,generic,http://103.76.196.90,
Unknown,generic,https://dnetdrive.com,
Unknown,generic,https://www.rangdhanu.live,
Unknown,generic,http://fs.rangdhanu.live,
Unknown,generic,http://emby.rangdhanu.live,
Unknown,generic,https://www.race.net.bd,
Unknown,generic,https://www.facebook.com/raceonline,
Unknown,generic,http://moviedom.live,
Unknown,generic,http://movie.moviedom.live,
Unknown,generic,http://movie.moviedom.live/Data,
Unknown,generic,http://59.152.101.198,
Unknown,generic,http://moviehaat.net,
Unknown,generic,http://cdn2.moviehaat.net:8080/Upload,
Unknown,generic,http://www.dotinternetbd.com,
Unknown,generic,http://dflix.live,
Unknown,generic,http://fs1.dflix.live,
Unknown,generic,http://www.skyinfoonline.net,
Unknown,generic,http://103.132.187.18,
Unknown,generic,http://103.132.187.18/Data,
Unknown,generic,http://moviemaja.net,
Unknown,generic,http://moviemaja.net/Data,
Unknown,generic,http://103.195.1.50,
Unknown,generic,http://103.195.1.50/Data,
Unknown,generic,http://10.1.1.1,
Unknown,generic,http://10.1.1.1/Data,
Unknown,generic,https://www.cityonlinebd.net,
Unknown,generic,https://www.facebook.com/cityonlineisp,
Unknown,generic,https://www.facebook.com/groups/cityonlineltd,
Unknown,generic,http://moviebazar.net,
Unknown,generic,https://ibdplex.net,
Unknown,generic,http://globalcommunicationbd.com,
Unknown,generic,http://103.113.16.46,
Unknown,generic,http://103.113.16.46/Data,
Unknown,generic,https://www.radisson-bd.net,
Unknown,generic,http://45.123.41.54,
Unknown,generic,http://45.123.41.54/Data,
Unknown,generic,http://flixhub.net,
Unknown,generic,http://flixhub.net/Data,
Unknown,generic,https://epnetbd.com,
Unknown,generic,http://103.103.239.66,
Unknown,generic,http://abcmoviesbd.com,
Unknown,generic,http://abcflixbd.com,
Unknown,generic,http://www.zerooneonline.net,
Unknown,generic,http://ctgoz.com,
Unknown,generic,https://www.briskinternet.com,
Unknown,generic,http://smiledotnet.xyz,
Unknown,generic,http://blurays2u.smiledotnet.xyz,
Unknown,generic,http://www.alphabroadway.com,
Unknown,generic,http://ftp.alphamediazone.com,
Unknown,generic,http://asiancommunicationbd.com,
Unknown,generic,http://asianftp.com,
Unknown,generic,https://www.anosbd.com,
Unknown,generic,https://www.anosbd.com/ftp,
Unknown,generic,https://asiannetworkbd.net,
Unknown,generic,https://allserver.yolasite.com,
Unknown,generic,https://alifanet.com,
Unknown,generic,http://www.arafnetbd.com,
Unknown,generic,https://www.applenetbd.com,
Unknown,generic,https://activembd.com,
Unknown,generic,https://activembd.com/internet/ftp-server,
Unknown,generic,http://www.agcommunication.net,
Unknown,generic,https://sites.google.com/view/amberitservers,
Unknown,generic,http://202.4.96.121,
Unknown,generic,http://www.binodonmela.net,
Unknown,generic,http://118.179.223.51,
Unknown,generic,http://content2.binodonmela.net,
Unknown,generic,http://www.a1cyberlinkbd.com,
Unknown,generic,http://arishabd.net,
Unknown,generic,https://abibd.com,
Unknown,generic,http://www.avabdnet.com,
Unknown,generic,https://applelinkbd.net,
Unknown,generic,http://www.as-bd.net,
Unknown,generic,https://www.alibabanetwork.net,
Unknown,generic,https://sites.google.com/view/niloynetcommunication,
Unknown,generic,http://akkadukka.com,
Unknown,generic,http://akkadukka.com:8096,
Unknown,generic,https://www.abnctg.net,
Unknown,generic,http://www.asblink.net,
Unknown,generic,http://asmabroadbandnetwork.com,
Unknown,generic,http://220.152.114.214,
Unknown,generic,https://addanetwork.net,
Unknown,generic,http://aknetworksbd.com,
Unknown,generic,http://aktube.live,
Unknown,generic,http://amaderftp.net,
Unknown,generic,http://www.activenetworkbd.com,
Unknown,generic,http://www.bossbd.net,
Unknown,generic,http://bossbd.live,
Unknown,generic,http://cdn.bossbd.net,
Unknown,generic,http://cdn1.bossbd.net,
Unknown,generic,http://cdn2.bossbd.net,
Unknown,generic,http://www.bdlan.net,
Unknown,generic,http://www.bitnetbd.com,
Unknown,generic,http://www.bolmovies.com,
Unknown,generic,http://103.112.63.21,
Unknown,generic,https://bonsaihd.live,
Unknown,generic,https://basnetbd.com,
Unknown,generic,http://103.87.212.46,
Unknown,generic,http://10.20.30.40,
Unknown,generic,http://movie.basnetbd.com,
Unknown,generic,http://www.bolbd.net,
Unknown,generic,http://mars.bolbd.net,
Unknown,generic,http://www.bograonlinebd.com,
Unknown,generic,http://www.beeflix.biz,
Unknown,generic,https://www.bmnetworkbd.tk,
Unknown,generic,https://bondhuitbd.com,
Unknown,generic,http://bmitbd.com,
Unknown,generic,http://www.bhuiyan-online.com,
Unknown,generic,http://bdplex.net,
Unknown,generic,https://www.businesszone.com.bd,
Unknown,generic,http://103.117.229.242,
Unknown,generic,http://103.117.229.242/Data,
Unknown,generic,http://bdcineplex.com,
Unknown,generic,https://bdflixlive.com,
Unknown,generic,https://bhalukabroadband.com,
Unknown,generic,https://binimoynet.com,
Unknown,generic,http://www.beaconlink.net,
Unknown,generic,http://www.bdminternet.com,
Unknown,generic,https://www.cmclbd.com,
Unknown,generic,http://tokis.xyz,
Unknown,generic,http://www.sktraders.net,
Unknown,generic,https://www.facebook.com/Sktraders.net,
Unknown,generic,http://103.81.104.98,
Unknown,generic,http://103.81.104.98/DATA/NAS1,
Unknown,generic,http://cinemabazar.net,
Unknown,generic,http://cinemabazar.net/DATA/NAS1,
Unknown,generic,http://www.cinebioscope.com,
Unknown,generic,https://www.cybernetbd.com,
Unknown,generic,https://cnetworkbd.net,
Unknown,generic,http://www.mycybernest.com,
Unknown,generic,https://cueclub.com.bd,
Unknown,generic,https://crazynetbd.com,
Unknown,generic,http://citynetbd.com,
Unknown,generic,https://www.citynet.live,
Unknown,generic,http://www.ctgtel.net,
Unknown,generic,http://cnc.net.bd,
Unknown,generic,https://clickonlinebd.com,
Unknown,generic,http://www.cybernetcommunications.net,
Unknown,generic,https://ccn5050.wixsite.com/5050,
Unknown,generic,http://creativait.net,
Unknown,generic,http://10.10.10.10,
Unknown,generic,http://cineflixbd.xyz,
Unknown,generic,https://www.cygnusall.com,
Unknown,generic,http://cns.net.bd,
Unknown,generic,https://www.daulatpuronline.com,
Unknown,generic,http://khulnaplex.net,
Unknown,generic,http://khulnaplex.net/Data,
Unknown,generic,https://dreamnetbd.com,
Unknown,generic,http://bddreamnet.blogspot.com,
Unknown,generic,http://deshonlinebd.com,
Unknown,generic,http://www.dhakadownload.com,
Unknown,generic,http://dhakaiptv.com,
Unknown,generic,https://digitalbroadband.com.bd,
Unknown,generic,http://103.96.104.14,
Unknown,generic,http://103.96.104.14/d_drive,
Unknown,generic,http://diginetbd.net,
Unknown,generic,https://ditbd.net,
Unknown,generic,http://172.27.100.3,
Unknown,generic,https://www.dolyitcorner.net,
Unknown,generic,http://172.17.17.17,
Unknown,generic,http://www.durantonetworkbd.com,
Unknown,generic,https://www.didarit.com,
Unknown,generic,https://dekhobd.com,
Unknown,generic,http://dlnsbd.net,
Unknown,generic,http://evolutionnet.info,
Unknown,generic,http://www.evonetbd.com,
Unknown,generic,http://103.25.120.118,
Unknown,generic,http://fs.evonetbd.com,
Unknown,generic,https://easyitbd.com,
Unknown,generic,http://exploreonlinebd.net,
Unknown,generic,http://103.222.20.150,
Unknown,generic,http://103.222.20.150/ftpdata,
Unknown,generic,https://epnetbd.com,
Unknown,generic,http://www.ectlink.com,
Unknown,generic,http://download.ectlink.com,
Unknown,generic,http://www.enjoy.net.bd,
Unknown,generic,http://103.115.82.254,
Unknown,generic,https://ekushe.net,
Unknown,generic,http://10.100.100.2:8096,
Unknown,generic,http://ezisbd.com,
Unknown,generic,http://43.246.200.82:8081,
Unknown,generic,http://extremenetbd.com,
Unknown,generic,http://203.96.191.70,
Unknown,generic,http://203.96.191.70/Data,
Unknown,generic,http://plexbd.net,
Unknown,generic,http://plexbd.net/Data,
Unknown,generic,http://www.evillagectg.com,
Unknown,generic,http://www.ctgflix.com,
Unknown,generic,http://fs.evillagectg.com,
Unknown,generic,http://www.ctghall.com,
Unknown,generic,http://www.ctgstream.com,
Unknown,generic,http://www.reignict.com.bd,
Unknown,generic,http://funtimebd.com,
Unknown,generic,http://ftp.com.bd,
Unknown,generic,http://www.furiousnet.net,
Unknown,generic,http://media.furiousnet.net,
Unknown,generic,https://fastnetbd.com,
Unknown,generic,https://fastplex.net,
Unknown,generic,http://www.fnetctg.com/index.php/bdix-list,
Unknown,generic,http://flashnetbd.com,
Unknown,generic,http://www.focusonlinectg.com,
Unknown,generic,https://istiak-tushar42.github.io/FIS-Network,
Unknown,generic,https://fti.com.bd,
Unknown,generic,http://www.freedomonlinebd.com,
Unknown,generic,https://f4internetsolution.com,
Unknown,generic,http://172.2.2.2,
Unknown,generic,http://f4cineplex.myftp.org,
Unknown,generic,http://www.fnfbd.net,
Unknown,generic,http://www.friendsonlinebd.com,
Unknown,generic,https://fastnetbd.org,
Unknown,generic,http://192.168.100.5/fastnet,
Unknown,generic,http://filmguro.site,
Unknown,generic,https://www.flynetbd.com,
Unknown,generic,https://www.fastcyber.net,
Unknown,generic,https://www.flixjar.com,
Unknown,generic,http://www.bbl.net.bd,
Unknown,generic,http://www.prisma.net.bd,
Unknown,generic,http://124.6.236.254,
Unknown,generic,http://124.6.236.254/ftpdata1,
Unknown,generic,http://124.6.236.254:8080,
Unknown,generic,http://www.freemediabd.com,
Unknown,generic,http://www.futurenet-bd.com,
Unknown,generic,http://fcnetbd.net,
Unknown,generic,https://frcbd.xyz,
Unknown,generic,https://frcbd.net,
Unknown,generic,https://www.facebook.com/frcbd.xyz,
Unknown,generic,http://s-flix.live,
Unknown,generic,http://play.s-flix.live,
Unknown,generic,http://cdn.s-flix.live,
Unknown,generic,http://fiberx.me,
Unknown,generic,https://fmnetworks.net,
Unknown,generic,http://www.fnet.com.bd,
Unknown,generic,http://gpisp.net,
Unknown,generic,http://greetingsonlinebd.com,
Unknown,generic,http://103.133.175.242/80,
Unknown,generic,http://103.133.175.242/80/wp-content,
Unknown,generic,https://103.91.53.248,
Unknown,generic,http://ghatailonline.net,
Unknown,generic,https://www.gnetworkbd.com,
Unknown,generic,https://www.gnetinternet.com,
Unknown,generic,https://gk-network.net,
Unknown,generic,https://gazipurns.com,
Unknown,generic,https://gazipurns.webs.com,
Unknown,generic,https://greenbytes.net.bd,
Unknown,generic,https://greenbytes.net.bd/ftp-bdix,
Unknown,generic,https://www.gungchil.net,
Unknown,generic,http://www.geniousnet.com,
Unknown,generic,http://downloads.geniousnet.com,
Unknown,generic,http://bdix.hitechisp.com,
Unknown,generic,https://www.hkonline.com.bd,
Unknown,generic,https://www.bdconnectctg.net,
Unknown,generic,https://hasikhushi.net,
Unknown,generic,http://www.hilsabd.com,
Unknown,generic,http://203.190.8.210,
Unknown,generic,http://hostxy.com,
Unknown,generic,https://helloitbd.com,
Unknown,generic,https://helloitbd.com/category/all-server-list,
Unknown,generic,http://103.156.66.45,
Unknown,generic,http://103.156.66.58/m4t1,
Unknown,generic,http://halum.net,
Unknown,generic,http://www.net2bd.com,
Unknown,generic,https://www.iflix.com,
Unknown,generic,http://www.itbasebd.com,
Unknown,generic,http://imonlineisp.net,
Unknown,generic,http://www.intrepidbd.com,
Unknown,generic,http://103.203.94.1:8065,
Unknown,generic,http://inoxbd.com,
Unknown,generic,https://ismart.net.bd,
Unknown,generic,https://internetzonebd.com,
Unknown,generic,http://www.itmandcommunication.com,
Unknown,generic,http://103.151.118.10,
Unknown,generic,http://www.icommunicationbd.net,
Unknown,generic,https://iboxbd.club,
Unknown,generic,http://103.135.208.2,
Unknown,generic,http://103.135.208.2/Data,
Unknown,generic,http://iboxbd.online,
Unknown,generic,http://iboxbd.online/Data,
Unknown,generic,https://ifra.network,
Unknown,generic,http://103.110.126.146:8000,
Unknown,generic,https://infolinkbd.com,
Unknown,generic,https://itnetzone.com,
Unknown,generic,http://www.intrepidbd.com,
Unknown,generic,http://192.168.100.16,
Unknown,generic,http://192.168.100.16:8096,
Unknown,generic,http://ibds.net.bd,
Unknown,generic,http://chayachobi.net,
Unknown,generic,https://www.itcnbd.com,
Unknown,generic,http://bdix.itcnbd.com,
Unknown,generic,http://www.ibd.net.bd,
Unknown,generic,https://inetisp.net,
Unknown,generic,https://infointernetservice.com,
Unknown,generic,http://10.28.22.2,
Unknown,generic,https://www.iranetbd.com,
Unknown,generic,https://ccnetbd.com,
Unknown,generic,http://162.12.215.254,
Unknown,generic,http://www.jannatmirinternetservice.com,
Unknown,generic,https://jonycable.com,
Unknown,generic,https://www.jananibd.com,
Unknown,generic,http://jakianetbd.com,
Unknown,generic,https://jhenuk.net,
Unknown,generic,https://khulnanet24.com,
Unknown,generic,http://www.kazinetwork.net,
Unknown,generic,https://kbnonlinebd.net,
Unknown,generic,http://karsannet.com,
Unknown,generic,http://103.219.232.190,
Unknown,generic,https://kmnbd.net,
Unknown,generic,https://kawsarit.net,
Unknown,generic,https://kloud.com.bd,
Unknown,generic,http://movies.kloud.com.bd,
Unknown,generic,http://leadtechnologybd.com,
Unknown,generic,http://www.linkinnet.net,
Unknown,generic,https://www.lizaonlinebd.com,
Unknown,generic,http://www.cinehub24.com,
Unknown,generic,https://masternetbd.net,
Unknown,generic,https://mediaonlinebd.com,
Unknown,generic,http://mymoviebazar.net,
Unknown,generic,http://mymoviebazar.net/Data,
Unknown,generic,http://mybdplex.com,
Unknown,generic,http://mathanosto.top,
Unknown,generic,http://mathanosto.top/Data,
Unknown,generic,http://movieboxbd.com,
Unknown,generic,http://bd-networks.com,
Unknown,generic,https://www.facebook.com/bdnetworksisp,
Unknown,generic,http://midiplex.net,
Unknown,generic,http://cdn.midiplex.net,
Unknown,generic,https://moviescounterhd.club,
Unknown,generic,https://msmonlinebd.com,
Unknown,generic,https://www.citechco.net,
Unknown,generic,http://203.83.177.225,
Unknown,generic,http://www.movieserver.net,
Unknown,generic,https://mlwbd.mobi,
Unknown,generic,http://mtbsl.com,
Unknown,generic,http://bdix.mtbsl.com/server.php,
Unknown,generic,https://moghbazar.net,
Unknown,generic,http://mybdix.com,
Unknown,generic,http://mahirbd.com,
Unknown,generic,http://45.118.247.178,
Unknown,generic,http://45.118.247.178:8096,
Unknown,generic,http://www.mariumnetwork.com,
Unknown,generic,https://aniknetwork.net,
Unknown,generic,http://medialink24.net,
Unknown,generic,https://www.race.net.bd,
Unknown,generic,http://59.152.101.198,
Unknown,generic,http://moviehaat.net,
Unknown,generic,http://mirpurnetbd.com,
Unknown,generic,http://www.mixonbd.com,
Unknown,generic,http://www.megaplexbd.com,
Unknown,generic,https://moon2tv.webs.com,
Unknown,generic,http://micnbd.com,
Unknown,generic,https://moviefreak.xyz,
Unknown,generic,http://www.mirpurtech.com,
Unknown,generic,https://www.manikdicommunication.com,
Unknown,generic,https://www.mayasoftbd.net,
Unknown,generic,http://nsolution.com.bd,
Unknown,generic,http://103.144.200.9,
Unknown,generic,http://moviemela.xyz,
Unknown,generic,http://www.mtnbd.net,
Unknown,generic,https://mtnbdlink.blogspot.com,
Unknown,generic,https://megaspeednet.com,
Unknown,generic,https://microlinkbd.net,
Unknown,generic,https://manetbd.com,
Unknown,generic,http://www.metaphornet.net,
Unknown,generic,https://www.netathomebd.com,
Unknown,generic,http://www.netmatrixbd.com,
Unknown,generic,https://netcomisp.net,
Unknown,generic,http://103.85.160.7,
Unknown,generic,http://netcode.live/netcodemedia,
Unknown,generic,https://www.novusnetworkbd.com,
Unknown,generic,https://www.facebook.com/NOVUS-Network-2062722163849507,
Unknown,generic,https://www.facebook.com/novusnk,
Unknown,generic,https://www.facebook.com/groups/novusnk,
Unknown,generic,http://nbox.live,
Unknown,generic,http://play.nbox.live,
Unknown,generic,http://fs.nbox.live,
Unknown,generic,http://neefit.net,
Unknown,generic,http://www.netonlinebd.com,
Unknown,generic,http://nowhdtime.com.bd,
Unknown,generic,https://netpoint.com.bd,
Unknown,generic,https://nis.com.bd,
Unknown,generic,http://nedasabd.net,
Unknown,generic,http://nms-bd.com,
Unknown,generic,http://fs1.mebd.net,
Unknown,generic,http://103.56.6.6,
Unknown,generic,http://103.56.6.6/Data,
Unknown,generic,http://jhakkas.live,
Unknown,generic,http://jhakkas.live/Data,
Unknown,generic,http://www.neobd.net,
Unknown,generic,http://www.netplusbd.com,
Unknown,generic,https://netcafe-bd.com,
Unknown,generic,http://100.100.100.100,
Unknown,generic,https://www.netconnectbd.com,
Unknown,generic,http://nettig.net,
Unknown,generic,http://www.ntech-bd.com,
Unknown,generic,http://www.onnosomoy.com:8096,
Unknown,generic,https://onsbd.net,
Unknown,generic,http://202.94.164.102,
Unknown,generic,http://osthir.net,
Unknown,generic,https://www.okay.net.bd,
Unknown,generic,http://www.oitbd.net,
Unknown,generic,http://www.oitbd.net/ftp,
Unknown,generic,https://www.powernetbd.com,
Unknown,generic,http://www.plus.net.bd,
Unknown,generic,http://www.candybd.net,
Unknown,generic,https://presslinkbd.net,
Unknown,generic,https://the-potato.net,
Unknown,generic,http://172.16.16.16,
Unknown,generic,http://www.poshbd.net,
Unknown,generic,http://plusnetbd.com,
Unknown,generic,https://progotiit.com,
Unknown,generic,https://quetelbd.net,
Unknown,generic,http://quickonlineftp.com,
Unknown,generic,https://www.rainbownetworkbd.com,
Unknown,generic,http://cinemacity.live,
Unknown,generic,http://www.roarzone.info,
Unknown,generic,https://rioctg.blogspot.com,
Unknown,generic,http://103.29.127.14,
Unknown,generic,http://media.zerointernet.net,
Unknown,generic,http://media.radiantbd.com,
Unknown,generic,http://www.radiantbd.net,
Unknown,generic,http://cdn2.radiantbd.com,
Unknown,generic,https://realstation.live,
Unknown,generic,https://rlcafenet.com,
Unknown,generic,https://rsnetbd.com,
Unknown,generic,http://103.251.247.147,
Unknown,generic,http://www.rdconlinebd.net,
Unknown,generic,https://www.runwaybroadband.com/media-server,
Unknown,generic,http://lalbatte.net,
Unknown,generic,http://rawshanarainternet.com,
Unknown,generic,http://ftp.daffodilnet.com,
Unknown,generic,https://rodelaonlinebd.com,
Unknown,generic,http://www.rahulenterprise.com.bd,
Unknown,generic,https://www.rapid.net.bd,
Unknown,generic,https://rapidnetworkbd.wordpress.com,
Unknown,generic,http://romsnetwork.com,
Unknown,generic,https://ranonline.com.bd,
Unknown,generic,https://www.rainbowd.net,
Unknown,generic,http://103.3.226.208,
Unknown,generic,http://www.swiftnetbd.com,
Unknown,generic,https://www.sknetcity.com,
Unknown,generic,https://slnisp.com.bd,
Unknown,generic,https://www.skynetbd.net,
Unknown,generic,http://sbnetworkbd.com,
Unknown,generic,https://sparklinkbd.com,
Unknown,generic,https://sparknetbd.com,
Unknown,generic,https://ssonlinebd.com,
Unknown,generic,http://serverbd247.com,
Unknown,generic,https://www.skybizbd.net,
Unknown,generic,https://supernetbd.com,
Unknown,generic,http://supernetsenbag.com,
Unknown,generic,https://skynetonlinebd.net,
Unknown,generic,http://www.stargatebd.net,
Unknown,generic,http://172.27.27.1,
Unknown,generic,http://172.27.27.1/data,
Unknown,generic,http://starplexbd.com,
Unknown,generic,http://starplexbd.com/data,
Unknown,generic,https://srnetworks.webs.com,
Unknown,generic,https://srnetworks.webs.com/ftp-live-tv,
Unknown,generic,https://speednetkhulna.com,
Unknown,generic,http://speed4you.net,
Unknown,generic,http://www.smartnetltd.com,
Unknown,generic,http://movie.smartnetltd.com,
Unknown,generic,http://sisbdisp.com,
Unknown,generic,http://103.115.253.254,
Unknown,generic,http://103.115.253.254/Data,
Unknown,generic,http://172.102.0.3,
Unknown,generic,https://speedo.net.bd,
Unknown,generic,https://snsbd.net,
Unknown,generic,https://www.smiritycable.com,
Unknown,generic,https://sardernet.com,
Unknown,generic,http://smartonlinebd.com,
Unknown,generic,https://ctgoz.com,
Unknown,generic,http://megaflix.tv,
Unknown,generic,http://sunlit.tv,
Unknown,generic,http://swapnonetwork.net,
Unknown,generic,https://www.sync.net.bd,
Unknown,generic,http://103.107.160.36,
Unknown,generic,http://103.107.160.37/FTP/Movies,
Unknown,generic,http://103.107.160.37/FTP/TVSeries,
Unknown,generic,http://kaat.pw,
Unknown,generic,https://salamonline.com.bd,
Unknown,generic,http://43.246.200.82:8082,
Unknown,generic,http://speed2000bd.com,
Unknown,generic,https://www.skylinectg.com,
Unknown,generic,http://103.214.156.1,
Unknown,generic,http://fs.satrong.live,
Unknown,generic,http://www.saturninternetbd.com,
Unknown,generic,http://www.netcitybd.com,
Unknown,generic,https://s-netisp.com,
Unknown,generic,http://smileit.xyz,
Unknown,generic,https://scubenetworkbd.com,
Unknown,generic,https://superlinkbd.xyz,
Unknown,generic,https://www.speedplusisp.net/mainweb/index.html,
Unknown,generic,https://speedo.net.bd,
Unknown,generic,https://www.ssaliisp.net,
Unknown,generic,http://103.80.70.60,
Unknown,generic,http://digbazi.net,
Unknown,generic,http://103.80.70.60/drive,
Unknown,generic,http://digbazi.net/drive,
Unknown,generic,https://www.skynetchowmuhani.com,
Unknown,generic,http://103.109.56.114,
Unknown,generic,http://103.109.56.115,
Unknown,generic,http://funtime.com.bd,
Unknown,generic,http://www.starnetworkbd.com,
Unknown,generic,https://www.skynet.com.bd,
Unknown,generic,https://staronline.com.bd,
Unknown,generic,http://www.come2speed.com,
Unknown,generic,https://speedlinkbd.com,
Unknown,generic,https://www.tetrasoftbd.com,
Unknown,generic,http://tetraplex.net.bd,
Unknown,generic,http://www.tnetftp.com,
Unknown,generic,https://mytlinkbd.net,
Unknown,generic,https://taltola.net,
Unknown,generic,http://146.196.48.9,
Unknown,generic,http://146.196.48.10,
Unknown,generic,http://todayvisionbd.com,
Unknown,generic,https://touchonline.net.bd,
Unknown,generic,https://talukdernet.com,
Unknown,generic,https://tnetwork.com.bd,
Unknown,generic,http://tuhinenterprise.com,
Unknown,generic,http://www.tufan.live,
Unknown,generic,https://www.thenetheads.com,
Unknown,generic,http://www.takerhatwifi.com,
Unknown,generic,http://uturnbd.com,
Unknown,generic,http://172.16.16.3,
Unknown,generic,http://172.16.16.5,
Unknown,generic,http://172.16.16.6,
Unknown,generic,http://unique24.net,
Unknown,generic,http://media.unique24.net,
Unknown,generic,http://www.uniqueonlinebd.com,
Unknown,generic,http://www.chillbd.net,
Unknown,generic,http://www.updatenetworkbd.com,
Unknown,generic,http://uturninternet.com,
Unknown,generic,http://103.17.181.43,
Unknown,generic,http://vdomela.com,
Unknown,generic,https://velocity.net.bd,
Unknown,generic,https://www.ctghub.com,
Unknown,generic,http://videoelephantbd.com,
Unknown,generic,http://172.17.17.19,
Unknown,generic,http://172.17.17.14:82,
Unknown,generic,https://www.vibebd.com,
Unknown,generic,https://www.vcbd.net,
Unknown,generic,http://www.winneritbd.com,
Unknown,generic,http://103.92.213.55,
Unknown,generic,http://103.92.213.55/Data,
Unknown,generic,https://www.worldbd.net,
Unknown,generic,https://webrangers.net,
Unknown,generic,https://www.wetube.com.bd,
Unknown,generic,http://45.45.45.45,
Unknown,generic,https://www.xplorenetbd.com,
Unknown,generic,https://maxnetbd.com,
Unknown,generic,http://xenialbb.net,
Unknown,generic,https://www.yellownetbd.com,
Unknown,generic,https://www.yellownetbd.com/ftp,
Unknown,generic,https://yesnetcommunication.com,
Unknown,generic,http://www.yournetcommunications.net,
Unknown,generic,http://www.zxonlinebd.com,
Unknown,generic,http://zero4communication.com,
Unknown,generic,http://103.96.36.115,
Unknown,generic,https://zoomonlinebd.net,
Unknown,generic,http://www.zipnetbd.com,
Unknown,generic,http://www.zipcyber.com,
Unknown,generic,http://zoomonline.com.bd,
Unknown,generic,http://3netbd.com,
Unknown,generic,https://3rcommunications.com,
Unknown,generic,https://www.4gnetworkbd.com,
Unknown,generic,http://www.29com.net,
Unknown,generic,https://www.elite.net.bd,
Unknown,generic,https://www.facebook.com/Elite.Communication.BD,
Unknown,generic,https://www.facebook.com/groups/eliteisp,
Unknown,generic,http://15.20.20.20,
Unknown,generic,https://genvideos.org,
Unknown,generic,http://172.30.2.14,
Unknown,generic,http://172.27.27.1,
Unknown,generic,http://103.91.144.230,
Unknown,generic,http://12.1.1.2,
Unknown,generic,http://12.1.1.3,
Unknown,generic,http://103.195.1.50,
Unknown,generic,http://10.1.1.1,
Unknown,generic,http://172.16.50.6,
Unknown,generic,http://103.125.91.10,
Unknown,generic,http://103.76.196.90,
Unknown,generic,http://103.85.197.10,
Unknown,generic,http://103.3.226.208,
Unknown,generic,http://113.212.111.244,
Unknown,generic,http://172.16.0.21,
Unknown,generic,http://10.16.100.244,
Unknown,generic,http://103.229.84.7,
Unknown,generic,http://172.16.50.4,
Unknown,generic,http://172.16.29.34,
Unknown,generic,http://103.106.59.226,
Unknown,generic,http://172.27.27.7,
Unknown,generic,http://123.123.123.123,
Unknown,generic,http://103.102.253.250,
Unknown,generic,http://tv.bossbd.net/,
Unknown,generic,http://webtv.roarzone.info/,
Unknown,generic,http://bossbd.net/tv2/,
Unknown,generic,http://iptv.roarzone.info/,
Unknown,generic,http://tv.tajpata.com/,
Unknown,generic,http://dugdugilive.com/,
Unknown,generic,https://rialms.bitbucket.io/isp/googlec8006b0efcf7ac4b.html,
Unknown,generic,http://10.100.100.134/,
Unknown,generic,https://www.anytv.live/,
Unknown,generic,http://mediaboxbd.com/live/,
Unknown,generic,https://www.bioscopelive.com/en/featured-tv,
Unknown,generic,http://www.jagobd.com/category/bangla-channel,
Unknown,generic,http://tv.bdixsports.com/,
Unknown,generic,http://www.bdlan.net/,
Unknown,generic,http://tv.ebox.live/,
Unknown,generic,https://rialms.bitbucket.io/ftp/#Global-Config,
Unknown,generic,http://www.ctgiptv.com/,
Unknown,generic,https://www.bioscopelive.com/en/featured-tv,
Unknown,generic,http://172.22.22.76/,
Unknown,generic,http://tv.fn-bd.com/,
Unknown,generic,http://new.naturalbd.com/live-tv.html,
Unknown,generic,http://tv.naturalbd.com/,
Unknown,generic,http://www.jagobd.com/category/bangla-channel,
Unknown,generic,http://tv.bdixsports.com/,
Unknown,generic,http://bdiptv.stream/,
Unknown,generic,http://gundapanda.com/,
Unknown,generic,https://rialms.bitbucket.io/ftp/#Global-Config,
Unknown,generic,http://server2.ftpbd.net/,
Unknown,generic,http://safwancommunication.com/ftp-server/,
Unknown,generic,http://server1.ftpbd.net/FTP-1,
Unknown,generic,http://server2.ftpbd.net/FTP-2,
Unknown,generic,http://cdn1.bossbd.net/,
Unknown,generic,http://fs.ebox.live/,
Unknown,generic,http://cdn.bossbd.net/,
Unknown,generic,http://fs.rangdhanu.live/,
Unknown,generic,http://10.100.100.10:89/,
Unknown,generic,http://172.22.22.101/home/,
Unknown,generic,http://ftpweb.mazedanetworks.net/,
Unknown,generic,http://data105.mazedanetworks.net/,
Unknown,generic,http://cdn.naturalbd.com:8080/download,
Unknown,generic,http://27.123.247.2/Data/,
Unknown,generic,http://ftp.timepassbd.live/skyview-ftp/,
Unknown,generic,https://rialms.bitbucket.io/ftp/#Global-Config,
Unknown,generic,http://mathanosto.net/live/,
Unknown,generic,http://amrbd.com/,
Unknown,generic,http://httpbd.com/tv/,
Unknown,generic,http://10.16.100.244/,
Unknown,generic,http://103.200.36.242/,
Unknown,generic,http://livetv.mcnbd.com/,
Unknown,generic,http://ddn.oncast.me/,
Unknown,generic,http://ihub.live/live-tv.html,
Unknown,generic,https://www.bdixtv.com/tvChannels.php?c=1,
Unknown,generic,http://www.ftpbd.net/online-tv/,
Unknown,generic,http://aajob.net/,
Unknown,generic,https://paitara.com/,
Unknown,generic,http://www.ontohinbd.com/,
Unknown,generic,https://adharalo.com/,
Unknown,generic,http://bdfun.club/,
Unknown,generic,http://m4ufree.tv/,
Unknown,generic,http://media.sbnetworkbd.com/,
Unknown,generic,http://alphamediazone.com/,
Unknown,generic,https://rialms.bitbucket.io/ftp/#Options-Lifecycle-Hooks,
Unknown,generic,http://10.100.100.10/,
Unknown,generic,http://bitflixbd.com/,
Unknown,generic,http://172.22.22.101/home/,
Unknown,generic,http://172.22.22.105:8096/web/index.html,
Unknown,generic,http://172.22.22.10:32400/web/index.html,
Unknown,generic,http://fs.ebox.live/,
Unknown,generic,http://ftpbd.net/,
Unknown,generic,http://bossbd.net/,
Unknown,generic,http://new.naturalbd.com/,
Unknown,generic,http://naturalbd.com/,
Unknown,generic,http://bossbd.live/,
Unknown,generic,http://172.22.22.100/,
Unknown,generic,http://funtimebd.com/,
Unknown,generic,http://www.timepassbd.live/,
Unknown,generic,https://www.rangdhanu.live/,
Unknown,generic,https://www.chd4.com/index.php,
Unknown,generic,http://ihub.live/,
Unknown,generic,https://mojaloss.net/,
Unknown,generic,https://www.bolmovies.com/,
Unknown,generic,http://bdplex.net/,
Unknown,generic,https://genvideos.org/,
Unknown,generic,http://dhakamovie.com/,
Unknown,generic,http://www.moviemela.live/,
Unknown,generic,http://movieboxbd.com/,
Unknown,generic,https://bdixtv.com/,
Unknown,generic,https://yesmovies.ag/,
Unknown,generic,https://xmovies08.ru/,
Unknown,generic,http://172.27.27.23/,
Unknown,generic,http://www.torrentbd.com/,
Unknown,generic,http://www.bdixtorrent.com/,
Unknown,generic,https://www.chd4.com/index.php/,
Unknown,generic,http://1337x.to/,
Unknown,generic,https://www.limetorrents.info/,
Unknown,generic,https://thepiratebay.org/,
Unknown,generic,https://rarbg.to/,
Unknown,generic,https://eztv.io/,
Unknown,generic,https://tamilrockers.ws/,
Unknown,generic,https://yts.mx/,
Unknown,generic,https://torrentz2.eu/,
Unknown,generic,https://nyaa.si/,
Unknown,generic,https://rialms.github.io/torrent/,
Unknown,generic,https://www.torrentdownloads.me/,
Unknown,generic,https://torrentgalaxy.to/,
Unknown,generic,https://www.torlock2.com/,
Unknown,generic,https://www.torrentfunk.com/,
Unknown,generic,https://ettvtorrents.com/,
Unknown,generic,https://yourbittorrent.com/,
Unknown,generic,https://zooqle.com/,
Unknown,generic,https://torrents.io/,
Unknown,generic,https://btdig.com/,
Unknown,generic,https://idope.se/,
Unknown,generic,https://monova.org/,
Unknown,generic,https://www.skytorrents.to/,
Unknown,generic,http://www.toorgle.com/,
Unknown,generic,http://tv.bossbd.net/,
Unknown,generic,http://webtv.roarzone.info/,
Unknown,generic,http://bossbd.net/tv2/,
Unknown,generic,http://iptv.roarzone.info/,
Unknown,generic,http://tv.tajpata.com/,
Unknown,generic,http://dugdugilive.com/,
Unknown,generic,https://rialms.bitbucket.io/isp/googlec8006b0efcf7ac4b.html,
Unknown,generic,http://10.100.100.134/,
Unknown,generic,https://www.anytv.live/,
Unknown,generic,http://mediaboxbd.com/live/,
Unknown,generic,https://www.bioscopelive.com/en/featured-tv,
Unknown,generic,http://www.jagobd.com/category/bangla-channel,
Unknown,generic,http://tv.bdixsports.com/,
Unknown,generic,http://www.bdlan.net/,
Unknown,generic,http://tv.ebox.live/,
Unknown,generic,https://rialms.bitbucket.io/ftp/#Global-Config,
Unknown,generic,http://www.ctgiptv.com/,
Unknown,generic,https://www.bioscopelive.com/en/featured-tv,
Unknown,generic,http://172.22.22.76/,
Unknown,generic,http://tv.fn-bd.com/,
Unknown,generic,http://new.naturalbd.com/live-tv.html,
Unknown,generic,http://tv.naturalbd.com/,
Unknown,generic,http://www.jagobd.com/category/bangla-channel,
Unknown,generic,http://tv.bdixsports.com/,
Unknown,generic,http://nagordola.live/index.html,
Unknown,generic,http://tv.ihub.live/,
Unknown,generic,http://175.41.46.16/,
Unknown,generic,http://bdiptv.stream/,
Unknown,generic,http://gundapanda.com/,
Unknown,generic,https://rialms.bitbucket.io/ftp/#Global-Config,
Unknown,generic,http://server2.ftpbd.net/,
Unknown,generic,http://safwancommunication.com/ftp-server/,
Unknown,generic,http://server1.ftpbd.net/FTP-1,
Unknown,generic,http://server2.ftpbd.net/FTP-2,
Unknown,generic,http://cdn1.bossbd.net/,
Unknown,generic,http://fs.ebox.live/,
Unknown,generic,http://cdn.bossbd.net/,
Unknown,generic,http://fs.rangdhanu.live/,
Unknown,generic,http://10.100.100.10:89/,
Unknown,generic,http://172.22.22.101/home/,
Unknown,generic,http://ftpweb.mazedanetworks.net/,
Unknown,generic,http://data105.mazedanetworks.net/,
Unknown,generic,http://cdn.naturalbd.com:8080/download,
Unknown,generic,http://27.123.247.2/Data/,
Unknown,generic,http://ftp.timepassbd.live/skyview-ftp/,
Unknown,generic,https://www.gnetworkbd.com/?page_id=20,
Unknown,generic,http://sft.dfnbd.net/,
Unknown,generic,http://mediaboxbd.com/ftp,
Unknown,generic,http://www.plusnetbd.com/link/index2.html,
Unknown,generic,http://mediaboxbd.com/ftp/,
Unknown,generic,http://www.cinebioscope.com/,
Unknown,generic,http://www.ctgflix.com/web/index.html#!/home,
Unknown,generic,http://media.netmatrixbd.com/,
Unknown,generic,https://infobd.net/,
Unknown,generic,https://rialms.bitbucket.io/ftp/#Global-Config,
Unknown,generic,http://mathanosto.net/live/,
Unknown,generic,http://amrbd.com/,
Unknown,generic,http://httpbd.com/tv/,
Unknown,generic,http://10.16.100.244/,
Unknown,generic,http://103.200.36.242/,
Unknown,generic,http://livetv.mcnbd.com/,
Unknown,generic,http://103.58.73.26/,
Unknown,generic,http://103.58.73.26/online-tv-mobile/,
Unknown,generic,http://103.126.12.226/Data/,
Unknown,generic,http://ddn.oncast.me/,
Unknown,generic,http://ihub.live/live-tv.html,
Unknown,generic,https://www.bdixtv.com/tvChannels.php?c=1,
Unknown,generic,http://www.ftpbd.net/online-tv/,
Unknown,generic,https://mojarcinema.com/,
Unknown,generic,http://dhakaftp.com/,
Unknown,generic,https://www.skynet.com.bd/,
Unknown,generic,http://moviebuzz.one/,
Unknown,generic,http://www.bdfun.club/,
Unknown,generic,http://anthousebd.net/,
Unknown,generic,https://rialms.bitbucket.io/ftp/href=,
Unknown,generic,http://media.dfnbd.net/,
Unknown,generic,https://afdah.info/,
Unknown,generic,http://putlocker.cl/,
Unknown,generic,https://p2pguru.com/,
Unknown,generic,https://officialmovie.club/,
Unknown,generic,http://circleftp.net/,
Unknown,generic,https://tubitv.com/home,
Unknown,generic,http://discoveryftp.net/,
Unknown,generic,http://cdn1.discoveryftp.net/,
Unknown,generic,http://movies.discoveryftp.net/,
Unknown,generic,http://bm.dfnbd.net/,
Unknown,generic,http://em.dfnbd.net/,
Unknown,generic,http://vdomela.com/,
Unknown,generic,http://aajob.net/,
Unknown,generic,https://paitara.com/,
Unknown,generic,http://www.ontohinbd.com/,
Unknown,generic,https://adharalo.com/,
Unknown,generic,http://bdfun.club/,
Unknown,generic,http://m4ufree.tv/,
Unknown,generic,http://media.sbnetworkbd.com/,
Unknown,generic,http://alphamediazone.com/,
Unknown,generic,http://mojalaw.com/,
Unknown,generic,http://www.megaplexbd.com/,
Unknown,generic,https://mojarcinema.com/,
Unknown,generic,http://dekhvhai.com/,
Unknown,generic,http://quickonlineftp.com/quickonline/,
Unknown,generic,http://fs.evonetbd.com/,
Unknown,generic,http://www.movieserver.net/,
Unknown,generic,http://digbazi.net/,
Unknown,generic,http://greenwifibd.com/,
Unknown,generic,https://rialms.bitbucket.io/ftp/#Options-Lifecycle-Hooks,
Unknown,generic,http://10.100.100.10/,
Unknown,generic,http://bitflixbd.com/,
Unknown,generic,http://172.22.22.101/home/,
Unknown,generic,http://172.22.22.105:8096/web/index.html,
Unknown,generic,http://172.22.22.10:32400/web/index.html,
Unknown,generic,http://fs.ebox.live/,
Unknown,generic,http://ftpbd.net/,
Unknown,generic,http://bossbd.net/,
Unknown,generic,http://new.naturalbd.com/,
Unknown,generic,http://naturalbd.com/,
Unknown,generic,http://bossbd.live/,
Unknown,generic,http://172.22.22.100/,
Unknown,generic,http://funtimebd.com/,
Unknown,generic,http://www.timepassbd.live/,
Unknown,generic,https://www.rangdhanu.live/,
Unknown,generic,https://www.chd4.com/index.php,
Unknown,generic,http://ihub.live/,
Unknown,generic,https://mojaloss.net/,
Unknown,generic,https://www.bolmovies.com/,
Unknown,generic,http://bdplex.net/,
Unknown,generic,https://genvideos.org/,
Unknown,generic,http://dhakamovie.com/,
Unknown,generic,http://www.moviemela.live/,
Unknown,generic,http://movieboxbd.com/,
Unknown,generic,https://bdixtv.com/,
Unknown,generic,http://hd.circleftp.net/,
Unknown,generic,http://vootbd.live/,
Unknown,generic,http://asianftp.com/,
Unknown,generic,https://activembd.com/,
Unknown,generic,http://broadbandathome.net/,
Unknown,generic,http://youtubedom.com/youtube/,
Unknown,generic,http://nagordola.com.bd/,
Unknown,generic,https://yesmovies.ag/,
Unknown,generic,https://xmovies08.ru/,
Unknown,generic,http://172.27.27.23/,
Unknown,generic,http://www.torrentbd.com/,
Unknown,generic,http://www.bdixtorrent.com/,
Unknown,generic,https://www.chd4.com/index.php/,
Unknown,generic,http://1337x.to/,
Unknown,generic,https://www.limetorrents.info/,
Unknown,generic,https://thepiratebay.org/,
Unknown,generic,https://rarbg.to/,
Unknown,generic,https://eztv.io/,
Unknown,generic,https://tamilrockers.ws/,
Unknown,generic,https://yts.mx/,
Unknown,generic,https://torrentz2.eu/,
Unknown,generic,https://nyaa.si/,
Unknown,generic,https://rialms.github.io/torrent/,
Unknown,generic,https://www.torrentdownloads.me/,
Unknown,generic,https://torrentgalaxy.to/,
Unknown,generic,https://www.torlock2.com/,
Unknown,generic,https://www.torrentfunk.com/,
Unknown,generic,https://ettvtorrents.com/,
Unknown,generic,https://yourbittorrent.com/,
Unknown,generic,https://zooqle.com/,
Unknown,generic,https://torrents.io/,
Unknown,generic,https://btdig.com/,
Unknown,generic,https://idope.se/,
Unknown,generic,https://monova.org/,
Unknown,generic,https://www.skytorrents.to/,
Unknown,generic,http://www.toorgle.com/,
Unknown,generic,http://10.16.100.244/,
Unknown,generic,http://172.27.27.1/,
Unknown,generic,http://103.91.144.230/,
Unknown,generic,http://12.1.1.2/?dir=FTP,
Unknown,generic,http://12.1.1.3/index.php,
Unknown,generic,http://103.195.1.50/,
Unknown,generic,http://10.1.1.1/,
Unknown,generic,http://172.16.50.6/,
Unknown,generic,http://103.125.91.10/xpnet/,
Unknown,generic,http://103.76.196.90/,
Unknown,generic,http://103.85.197.10/,
Unknown,generic,http://103.3.226.208/,
Unknown,generic,http://113.212.111.244/,
Unknown,generic,http://172.30.2.14/,
Unknown,generic,http://172.16.0.21/,
Unknown,generic,http://103.229.84.7/,
Unknown,generic,http://172.16.50.4/,
Unknown,generic,http://172.16.29.34/,
Unknown,generic,http://103.106.59.226/,
Unknown,generic,http://172.27.27.7/,
Unknown,generic,http://123.123.123.123/,
Unknown,generic,http://103.102.253.250/,
